names,described as,image 1,image 2,url
"Uttermost 23244 Gamlin - 41"" Counter Stool","['counter', 'gamlin gray', 'stool', 'uttermost']",https://st.hzcdn.com/fimgs/eca1acfa0bc5effa_3671-w65-h65-b1-p0--.jpg,https://st.hzcdn.com/fimgs/1f2190fe0bc5effb_3671-w65-h65-b1-p0--.jpg,https://www.houzz.com/products/uttermost-23244-gamlin-41-counter-stool-prvw-vr~160104018
"GDF Studio Evelyn Mid Century Modern Fabric Arm Chair, Beige/Walnut",[],https://st.hzcdn.com/fimgs/c1c1adee0f9082cf_1739-w65-h65-b1-p0--.jpg,https://st.hzcdn.com/fimgs/ffb1f4a90f9082d2_3629-w65-h65-b0-p0--.jpg,https://www.houzz.com/products/gdf-studio-evelyn-mid-century-modern-fabric-arm-chair-beige-walnut-prvw-vr~123734598
"Colter Leather Dining Arm Chair with Steel Legs, Black","['Black Colter Dining Arm Chair', 'Colter Arm Chair', 'Colter Armchairs', 'Colter Leather Dining Arm Chair with Steel Legs', 'Dark Grey Colter Dining Arm Chair', 'Mink Colter Dining Arm Chair', 'modern leather dining chair', 'Nuevo Colter Arm Chair', 'Nuevo Colter Leather Dining Arm Chair with Steel Legs', 'Nuevo Living Colter Arm Chair']",https://st.hzcdn.com/fimgs/4451a29c080a7f73_7543-w65-h65-b1-p0--.jpg,https://st.hzcdn.com/fimgs/171164d9080a7f74_7543-w65-h65-b1-p0--.jpg,https://www.houzz.com/products/colter-leather-dining-arm-chair-with-steel-legs-black-prvw-vr~128568875
Glacier Country Collection Side Chair With Ergonomic Wooden Seat,"['dining chair', 'dining room', 'genuine lodge pole pine', 'hand crafted', 'heirloom quality', 'kitchen chair', 'log furniture', 'made in montana', 'Made in U.S.A.', 'montana woodworks', 'rustic furniture', 'side chair', 'solid wood']",https://st.hzcdn.com/fimgs/46b13b4a07169133_3031-w65-h65-b1-p0--.jpg,https://st.hzcdn.com/fimgs/389106e507169138_3031-w65-h65-b0-p0--.jpg,https://www.houzz.com/products/glacier-country-collection-side-chair-with-ergonomic-wooden-seat-prvw-vr~53176509
"GDF Studio Oliver Farmhouse Armchair, Green Checkerboard/Dark Brown",[],https://st.hzcdn.com/fimgs/16a17ef50f9068fe_2086-w65-h65-b1-p0--.jpg,https://st.hzcdn.com/fimgs/5201ffb10f9068ff_3657-w65-h65-b0-p0--.jpg,https://www.houzz.com/products/gdf-studio-oliver-farmhouse-armchair-green-checkerboard-dark-brown-prvw-vr~126620588
"Paloma Cognac Velvet Accent Chair, Cognac",[],https://st.hzcdn.com/fimgs/559115010c378f87_9378-w65-h65-b1-p0--.jpg,https://st.hzcdn.com/fimgs/10311f450c378f89_6966-w65-h65-b0-p0--.jpg,https://www.houzz.com/products/paloma-cognac-velvet-accent-chair-cognac-prvw-vr~135868071
"Modern Dining Chairs Wood Armchairs, Set of 2, Natural","['2xhome chairs', '2xhome Wood Chairs', 'dining chair', 'dining room chair', 'living room chair', 'modern chairs', 'wood legs', 'woven papercord seat', 'Y Chairs']",https://st.hzcdn.com/fimgs/4041c32c0b1051d4_9686-w65-h65-b1-p0--.jpg,https://st.hzcdn.com/fimgs/2d61e5af0b1051d7_0076-w65-h65-b0-p0--.jpg,https://www.houzz.com/products/modern-dining-chairs-wood-armchairs-set-of-2-natural-prvw-vr~95556121
"Victoria Modern Dining Chair With Beech Wood Legs, Set of 2",[],https://st.hzcdn.com/fimgs/e1f1ccd70f931da2_3542-w65-h65-b1-p0--.jpg,https://st.hzcdn.com/fimgs/a4010a920f931da3_3709-w65-h65-b0-p0--.jpg,https://www.houzz.com/products/victoria-modern-dining-chair-with-beech-wood-legs-set-of-2-prvw-vr~141800827
"West Palm Living Room Accent Chair in Rustic Oak, Beige","['Beige accent chair', 'living room accent chair', 'Rustic Arm Accent Chair', 'taupe accent chair', 'Weathered Oak Accent Chair', 'wood accent chair']",https://st.hzcdn.com/fimgs/3a2144320d0d2e19_8773-w65-h65-b1-p0--.jpg,https://st.hzcdn.com/fimgs/006140ec0d0d2e1a_6128-w65-h65-b0-p0--.jpg,https://www.houzz.com/products/west-palm-living-room-accent-chair-in-rustic-oak-beige-prvw-vr~130121156
"Giselle Velvet Dining Chairs, Set of 2, Pink, Gold Base","['accent chair', 'armless', 'Dining', 'elegant', 'metal', 'modern', 'traditional', 'upholstered', 'velvet']",https://st.hzcdn.com/fimgs/38f195490ae8fffe_9568-w65-h65-b1-p0--.jpg,https://st.hzcdn.com/fimgs/b6b1b8190ae90000_7498-w65-h65-b1-p0--.jpg,https://www.houzz.com/products/giselle-velvet-dining-chairs-set-of-2-pink-gold-base-prvw-vr~118265642
"Sienna Leather Dining Chair, Matte Ochre","['Dining', 'frame construction', 'frame details', 'fully clad in leather', 'leather', 'ochre', 'steel frame']",https://st.hzcdn.com/fimgs/188158de05b01de2_0281-w65-h65-b1-p0--.jpg,https://st.hzcdn.com/fimgs/4351474205b01de6_0281-w65-h65-b1-p0--.jpg,https://www.houzz.com/products/sienna-leather-dining-chair-matte-ochre-prvw-vr~33826732
"High Wingback Linen Armchair, Purple","['accent chair', 'accent chairs tufted nailhead chair', 'classic chair', 'club chair', 'high back chair', 'leather armchair', 'leather chair leather wingback chair', 'linen chair', 'living lounge chair', 'living room chair', 'modern chair', 'nailhead chair', 'recliner chairs', 'relax chair', 'tufted chair', 'velvet chair', 'wingback chair']",https://st.hzcdn.com/fimgs/b3a1b3160f27b2df_0488-w65-h65-b1-p0--.jpg,https://st.hzcdn.com/fimgs/25b18d4e0f27b2e9_0488-w65-h65-b1-p0--.jpg,https://www.houzz.com/products/high-wingback-linen-armchair-purple-prvw-vr~162656509
Divani Casa Joseph Modern Orange Fabric Accent Chair,"['accent chair', 'metal', 'orange', 'upholstered', 'velour']",https://st.hzcdn.com/fimgs/9c5108170b48767c_1482-w65-h65-b1-p0--.jpg,https://st.hzcdn.com/fimgs/52b102b70b48767e_1482-w65-h65-b1-p0--.jpg,https://www.houzz.com/products/divani-casa-joseph-modern-orange-fabric-accent-chair-prvw-vr~123299033
"Safavieh Clara Quilted Swivel Tub Chair, Emerald/Gold","['accent chairs', 'contemporary', 'modern']",https://st.hzcdn.com/fimgs/20d1aa350c92a142_5340-w65-h65-b1-p0--.jpg,https://st.hzcdn.com/fimgs/9b6182ad0c92a147_5340-w65-h65-b1-p0--.jpg,https://www.houzz.com/products/safavieh-clara-quilted-swivel-tub-chair-emerald-gold-prvw-vr~139923351
"Booth Performance Velvet Swivel Armchair, White","['chair', 'Dining', 'Home', 'home d�cor', 'Home Interior', 'indoor', 'Outdoor', 'sofa']",https://st.hzcdn.com/fimgs/ffb1fa170e3dded1_4584-w65-h65-b1-p0--.jpg,https://st.hzcdn.com/fimgs/5921f7290e331305_4584-w65-h65-b0-p0--.jpg,https://www.houzz.com/products/booth-performance-velvet-swivel-armchair-white-prvw-vr~154307015
"Montalto Pin-Tuck Lift Chair, Saville Brown","['brown', 'saville']",https://st.hzcdn.com/fimgs/f691c1a0079a2422_7713-w65-h65-b1-p0--.jpg,https://st.hzcdn.com/fimgs/fbf1ebce079a2427_7713-w65-h65-b1-p0--.jpg,https://www.houzz.com/products/montalto-pin-tuck-lift-chair-saville-brown-prvw-vr~61514313
"Omax Decor Jane Lounge Accent Chair, Gold","['arm chair', 'armchairs', 'blue', 'comfortable chair', 'commercial', 'curry', 'gold', 'living room chair', 'lobby', 'lounge chair', 'mustard', 'oak', 'office chair', 'plush', 'residential', 'upholstered chair', 'velvet', 'waiting', 'walnut', 'wood']",https://st.hzcdn.com/fimgs/1641351d0f99fc20_8349-w65-h65-b0-p0--.jpg,https://st.hzcdn.com/fimgs/13c106380f99fc23_8349-w65-h65-b0-p0--.jpg,https://www.houzz.com/products/omax-decor-jane-lounge-accent-chair-gold-prvw-vr~165942599
"Rosco Velvet Accent Chair, Charcoal","['charcoal chair', 'FOAM CHAIR', 'home accent', 'home decor', 'plywood frame chair', 'rc850acc', 'solid wood chair', 'Steve Silver', 'velvet fabric chair']",https://st.hzcdn.com/fimgs/2f017e750f283d65_3642-w65-h65-b1-p0--.jpg,https://st.hzcdn.com/fimgs/5051853d0f283d69_3642-w65-h65-b1-p0--.jpg,https://www.houzz.com/products/rosco-velvet-accent-chair-charcoal-prvw-vr~162667363
"Lemele Velvet Dining Chairs, Set Of 2, Brown Sugar","['dining chairs', 'dining chairs with velvet upholstery', 'elegant dining chairs', 'upholstered dining chairs', 'velvet dining chairs']",https://st.hzcdn.com/fimgs/11d1261f0a4bd92f_7126-w65-h65-b1-p0--.jpg,https://st.hzcdn.com/fimgs/ede1671e0a2856ed_7126-w65-h65-b0-p0--.jpg,https://www.houzz.com/products/lemele-velvet-dining-chairs-set-of-2-brown-sugar-prvw-vr~88767737
"Gianna Velvet Dining Chair, Gray, Gold Base","['accent chair', 'beige', 'Best', 'black', 'chair', 'contemporary', 'contemporary chair', 'cream', 'grey', 'meridian', 'meridian furniture', 'modern', 'nailhead chair', 'navy', 'pink', 'sky blue', 'transitional', 'tufted chair', 'velvet', 'velvet chair']",https://st.hzcdn.com/fimgs/fa11f12a0ae8ffb7_9596-w65-h65-b1-p0--.jpg,https://st.hzcdn.com/fimgs/bc613d340c917f7e_6769-w65-h65-b1-p0--.jpg,https://www.houzz.com/products/gianna-velvet-dining-chair-gray-gold-base-prvw-vr~118265597
"Amy Swivel Accent Chair, Coastal Tan","['accent chairs', 'comfortable', 'comfy chair', 'furniture', 'living room chair', 'living room furniture', 'quality', 'seating', 'small chair', 'stylish', 'swivel chair', 'swivel glide', 'swivel glider recliner', 'swivels', 'turning chair', 'upholstered', 'upholstery']",https://st.hzcdn.com/fimgs/504198490e910009_1656-w65-h65-b1-p0--.jpg,https://st.hzcdn.com/fimgs/42d13a110e910040_1656-w65-h65-b0-p0--.jpg,https://www.houzz.com/products/amy-swivel-accent-chair-coastal-tan-prvw-vr~157184367
"Omax Decor Zola Lounge Chair, Brown/Walnut","['accent chair', 'beige', 'blue', 'brown chair', 'comfortable chair', 'Danish', 'decor', 'fabric chair', 'gold', 'gray', 'green', 'grey', 'leather chair', 'living room chair', 'lounge chair', 'mid century chair', 'mint', 'mocha', 'modern', 'oak', 'orange', 'purple', 'Scandinavian', 'upholstered chair', 'velvet', 'velvet chair', 'walnut', 'wood chair', 'Z chair']",https://st.hzcdn.com/fimgs/fe2159ae0ba2f528_3035-w65-h65-b1-p0--.jpg,https://st.hzcdn.com/fimgs/4bc12e8d0ba2f52d_6254-w65-h65-b1-p0--.jpg,https://www.houzz.com/products/omax-decor-zola-lounge-chair-brown-walnut-prvw-vr~128389483
"Heidi Velvet Dining Chairs, Set of 2, Pink","['accent chair', 'beige', 'Best', 'black', 'chair', 'contemporary', 'contemporary chair', 'cream', 'grey', 'meridian', 'meridian furniture', 'modern', 'nailhead chair', 'navy', 'pink', 'sky blue', 'transitional', 'tufted chair', 'velvet', 'velvet chair']",https://st.hzcdn.com/fimgs/038161420ae90040_2538-w65-h65-b1-p0--.jpg,https://st.hzcdn.com/fimgs/eed169200ae90044_2076-w65-h65-b1-p0--.jpg,https://www.houzz.com/products/heidi-velvet-dining-chairs-set-of-2-pink-prvw-vr~118265633
"Aniline Leather Lounge Chair and Ottoman, Black, Base Palisander","['eames chair', 'eames inspired lounge chair', 'Eames Lounge Chair', 'eames lounge chair replica', 'eames lounge chair reproduction', 'Eames Replica', 'Eames Style Lounge Chair', 'herman miller eames lounge chair']",https://st.hzcdn.com/fimgs/22017fff0ef2282c_6337-w65-h65-b1-p0--.jpg,https://st.hzcdn.com/fimgs/659199710ef2282f_7180-w65-h65-b1-p0--.jpg,https://www.houzz.com/products/aniline-leather-lounge-chair-and-ottoman-black-base-palisander-prvw-vr~161130099
"Xavier Velvet Dining Chair, Gray, Gold Legs","['black', 'chrome', 'chrome steel legs', 'comfortable', 'contemporary', 'contemporary design', 'dining chair', 'luxurious', 'meridian furniture', 'modern', 'nice', 'rich black velvet', 'sturdy', 'velvet', 'xavier', 'xavier black velvet dining chair']",https://st.hzcdn.com/fimgs/1c610f4f0dd70537_5851-w65-h65-b1-p0--.jpg,https://st.hzcdn.com/fimgs/d5c117280dd7053b_2877-w65-h65-b1-p0--.jpg,https://www.houzz.com/products/xavier-velvet-dining-chair-gray-gold-legs-prvw-vr~151816327
"Frances Leather Craft Sofa, Dark Brown","['dark brown sofa', 'Leather Craft', 'leather sofa', 'momery form sofa', 'sofa', 'top grain leather sofa']",https://st.hzcdn.com/fimgs/21f1333007c720eb_6058-w65-h65-b1-p0--.jpg,https://st.hzcdn.com/fimgs/928112be07c720ec_7890-w65-h65-b1-p0--.jpg,https://www.houzz.com/products/frances-leather-craft-sofa-dark-brown-prvw-vr~64760927
"Nikki Velvet Dining Chairs, Set of 2, Navy","['beautiful', 'Best', 'comfortable', 'contemporary', 'dining chairs', 'modern', 'set of Dining Chairs', 'transitional', 'transitional dining chair set', 'transitional dining chairs', 'tufted', 'velvet', 'velvet dining chair set', 'velvet dining chairs', 'wood', 'wooden dining chair set', 'wooden dining chairs']",https://st.hzcdn.com/fimgs/46e12cae0db1c272_7309-w65-h65-b1-p0--.jpg,https://st.hzcdn.com/fimgs/af81daab0db1c274_7403-w65-h65-b1-p0--.jpg,https://www.houzz.com/products/nikki-velvet-dining-chairs-set-of-2-navy-prvw-vr~118265571
"Palermo White Sofa, Boucle","['3 seater', 'boucle fabric', 'boucle sofa', 'boucle sofas', 'contemporary sofas', 'cream sofas', 'fuzzy', 'fuzzy fabric', 'Modern sofas', 'sofa', 'sofas', 'sofas for 3', 'white sofas']",https://st.hzcdn.com/fimgs/a25128390e4dae54_6388-w65-h65-b1-p0--.jpg,https://st.hzcdn.com/fimgs/1e41e46d0e4dae50_6388-w65-h65-b1-p0--.jpg,https://www.houzz.com/products/palermo-white-sofa-boucle-prvw-vr~155248380
"Clark Leather Sofa 100% Top Grain Genuine Leather, Aztec Sunrise","['leather', 'modern', 'Sofas & Corner Sofas', 'three seater leather']",https://st.hzcdn.com/fimgs/0eb132a00ed53c37_3333-w65-h65-b1-p0--.jpg,https://st.hzcdn.com/fimgs/78b180fa0ed65d4c_3333-w65-h65-b1-p0--.jpg,https://www.houzz.com/products/clark-leather-sofa-100-top-grain-genuine-leather-aztec-sunrise-prvw-vr~159792751
"Karina Velvet Dining Chairs, Set of 2, Gray, Gold Base","['accent chair', 'beige', 'Best', 'black', 'chair', 'contemporary', 'contemporary chair', 'cream', 'grey', 'meridian', 'meridian furniture', 'modern', 'nailhead chair', 'navy', 'pink', 'sky blue', 'transitional', 'tufted chair', 'velvet', 'velvet chair']",https://st.hzcdn.com/fimgs/c201100b0ae8ffea_2176-w65-h65-b1-p0--.jpg,https://st.hzcdn.com/fimgs/df91051c0ae8ffec_2176-w65-h65-b1-p0--.jpg,https://www.houzz.com/products/karina-velvet-dining-chairs-set-of-2-gray-gold-base-prvw-vr~118265649
"Akoya Velvet Dining Chair, Set of 2, Navy",['14021'],https://st.hzcdn.com/fimgs/20518daf0bac0ce1_8224-w65-h65-b1-p0--.jpg,https://st.hzcdn.com/fimgs/2eb1d4660bac0ce3_2661-w65-h65-b1-p0--.jpg,https://www.houzz.com/products/akoya-velvet-dining-chair-set-of-2-navy-prvw-vr~126495992
"Maxx Sofa, Sapphire Birch, Whitewash, Aged Bronze Nailhead",[],https://st.hzcdn.com/fimgs/872193fe0cd48883_1987-w65-h65-b1-p0--.jpg,https://st.hzcdn.com/fimgs/caf11a710cc36a95_2682-w65-h65-b0-p0--.jpg,https://www.houzz.com/products/maxx-sofa-sapphire-birch-whitewash-aged-bronze-nailhead-prvw-vr~142047742
Bradley Sofa,[],https://st.hzcdn.com/fimgs/e701b5890ce7eee5_6315-w65-h65-b1-p0--.jpg,https://st.hzcdn.com/fimgs/ade1a3e80ce7eee6_6315-w65-h65-b0-p0--.jpg,https://www.houzz.com/products/bradley-sofa-prvw-vr~143334692
Eclipse Sofa White,"['contemporary', 'modern', 'sofa', 'stylish chic']",https://st.hzcdn.com/fimgs/0171b8d2088292fd_8241-w65-h65-b1-p0--.jpg,https://st.hzcdn.com/fimgs/74e1b86608829300_8241-w65-h65-b1-p0--.jpg,https://www.houzz.com/products/eclipse-sofa-white-prvw-vr~83265745
"Guillaume Sofa, Performance Velvet, Chocolate Velvet","['Nailhead design', 'sofa', 'steamlined sofa', 'tufted sofa', 'tufted velvet sofa', 'velvet sofa']",https://st.hzcdn.com/fimgs/2561525707bf6243_6357-w65-h65-b1-p0--.jpg,https://st.hzcdn.com/fimgs/4d711b1d07b5ee2e_6357-w65-h65-b0-p0--.jpg,https://www.houzz.com/products/guillaume-sofa-performance-velvet-chocolate-velvet-prvw-vr~63151585
Divani Casa Mathis Modern Grey Fabric Sofa,"['Double Seat Cushion', 'Fabric Sofa', 'grey', 'grey fabric', 'sofa', 'upholstery']",https://st.hzcdn.com/fimgs/69f1868b0eb5274d_4805-w65-h65-b1-p0--.jpg,https://st.hzcdn.com/fimgs/f181b5f80eb26714_4805-w65-h65-b0-p0--.jpg,https://www.houzz.com/products/divani-casa-mathis-modern-grey-fabric-sofa-prvw-vr~155442898
"Ava Contemporary Sofa, Off-White Linen","['contemporary', 'couch', 'fabric', 'firm sofa', 'linen', 'linen fabric', 'modern', 'off-white', 'small sofa', 'sofa', 'white', 'white sofa']",https://st.hzcdn.com/fimgs/ea1182510b1ea79d_2778-w65-h65-b1-p0--.jpg,https://st.hzcdn.com/fimgs/4991b13a0b1ea79e_5654-w65-h65-b1-p0--.jpg,https://www.houzz.com/products/ava-contemporary-sofa-off-white-linen-prvw-vr~88783456
"Serene Linen Down Filled Cloud Modular Sofa, Cream, 4-Seater","['cloud modular sofa', 'contemporary', 'elegant', 'furniture', 'modern', 'modular to create infinite configurations', 'overall height 35"" when back cushion fully upright', 'overstuffed down feather cushions for maximum comfort', 'soft cream durable linen fabric upholstery', 'upholstered', 'velvet']",https://st.hzcdn.com/fimgs/d16106bc0e853d3e_5733-w65-h65-b1-p0--.jpg,https://st.hzcdn.com/fimgs/7581e4770e853d4a_3065-w65-h65-b0-p0--.jpg,https://www.houzz.com/products/serene-linen-down-filled-cloud-modular-sofa-cream-4-seater-prvw-vr~156823811
"Mackenzie Farmhouse Velvet Tufted Sofa, Purple Velvet","['Bedroom', 'Chic', 'classic style furniture', 'contemporary', 'den', 'design', 'elegant sofa', 'farmhouse', 'French country', 'furnishing', 'furniture', 'Home', 'home furnishing', 'interior', 'living room', 'living space', 'modern', 'modern sofa', 'office', 'purple', 'sleek design', 'sofa', 'velvet']",https://st.hzcdn.com/fimgs/25f1cd2f0d839dc2_0177-w65-h65-b1-p0--.jpg,https://st.hzcdn.com/fimgs/6171c4290d839dc2_6888-w65-h65-b1-p0--.jpg,https://www.houzz.com/products/mackenzie-farmhouse-velvet-tufted-sofa-purple-velvet-prvw-vr~144671796
"Roll Arm Upholstered Sofa, Cambridge Blue Stripe","['accents', 'blue', 'contemporary', 'settees', 'transitional', 'upholstered']",https://st.hzcdn.com/fimgs/6eb11ede0c33ad2e_1487-w65-h65-b1-p0--.jpg,https://st.hzcdn.com/fimgs/853107bb0c33ad31_1487-w65-h65-b1-p0--.jpg,https://www.houzz.com/products/roll-arm-upholstered-sofa-cambridge-blue-stripe-prvw-vr~135708355
"Sunpan 103642 Astrid Sofa, Antique Brass, Merlot Fabric",['sofas'],https://st.hzcdn.com/fimgs/faf1d3f60c8fddaa_3194-w65-h65-b1-p0--.jpg,https://st.hzcdn.com/fimgs/49e1f40f0c8fddac_3194-w65-h65-b1-p0--.jpg,https://www.houzz.com/products/sunpan-103642-astrid-sofa-antique-brass-merlot-fabric-prvw-vr~150301794
"Madison 8' Linen Sofa, Blanc, Classic Depth","['3 seater sofa', 'couch', 'custom made sofa', 'handcrafted sofa', 'linen sofa', 'living room furniture', 'Made in USA', 'shelter arm sofa', 'single bench seat', 'slim arm sofa', 'sofa', 'upholstered sofa', 'white sofa']",https://st.hzcdn.com/fimgs/eba117e30fc6bcb6_0218-w65-h65-b1-p0--.jpg,https://st.hzcdn.com/fimgs/ec81de780fc6bcb9_0218-w65-h65-b1-p0--.jpg,https://www.houzz.com/products/madison-8-linen-sofa-blanc-classic-depth-prvw-vr~127265999
"Presley Sofa, Vintage Leather, Camel With Hardwood Feet","['apartment sized', 'Bedroom', 'camel', 'contemporary decor', 'Dining', 'entry', 'foyer', 'hallway', 'hardwood', 'inexpensive', 'kids room', 'living', 'modern decor', 'natural wood', 'sofa', 'traditional', 'vintage leather']",https://st.hzcdn.com/fimgs/62814c750faf1294_0440-w65-h65-b1-p0--.jpg,https://st.hzcdn.com/fimgs/55315ff30faf1295_6579-w65-h65-b0-p0--.jpg,https://www.houzz.com/products/presley-sofa-vintage-leather-camel-with-hardwood-feet-prvw-vr~150847305
Aubrey Sofa,[],https://st.hzcdn.com/fimgs/ffe1a0220ce7ef25_6342-w65-h65-b1-p0--.jpg,https://st.hzcdn.com/fimgs/e2b1869e0ce7ef26_6342-w65-h65-b1-p0--.jpg,https://www.houzz.com/products/aubrey-sofa-prvw-vr~143334704
"Loma Traditional Button Tufted Fabric 3 Seater Sofa, Light Blush/Dark Brown",[],https://st.hzcdn.com/fimgs/c3c18b6e0f905de7_2964-w65-h65-b1-p0--.jpg,https://st.hzcdn.com/fimgs/d4c171630f905de8_3736-w65-h65-b0-p0--.jpg,https://www.houzz.com/products/loma-traditional-button-tufted-fabric-3-seater-sofa-light-blush-dark-brown-prvw-vr~146963145
"Ken Velvet Tufted Sofa, Arctic Blue","['burgundy', 'den', 'Elegance', 'elegant', 'gray', 'grey', 'Home', 'home decor', 'jennifer', 'jennifer taylor', 'jennifer taylor home', 'ken', 'living room', 'lounge', 'office', 'red', 'room decor', 'sofa', 'upholstered', 'velvet']",https://st.hzcdn.com/fimgs/55d1b68d0d88ef3e_2298-w65-h65-b1-p0--.jpg,https://st.hzcdn.com/fimgs/e39144de0d88ef3c_2298-w65-h65-b1-p0--.jpg,https://www.houzz.com/products/ken-velvet-tufted-sofa-arctic-blue-prvw-vr~65715961
"Wollo Full Leather Mid-Century Sofa, Pure White","['contemporary', 'Full Leather', 'leather', 'modern']",https://st.hzcdn.com/fimgs/55a17a6109b00d9c_9581-w65-h65-b1-p0--.jpg,https://st.hzcdn.com/fimgs/80c128ad09a70a25_9581-w65-h65-b0-p0--.jpg,https://www.houzz.com/products/wollo-full-leather-mid-century-sofa-pure-white-prvw-vr~142928726
"Brenner Sofa, Light Gray",[],https://st.hzcdn.com/fimgs/fd91acb30bc0a4c0_6345-w65-h65-b1-p0--.jpg,https://cf-images.us-east-1.prod.boltdns.net/v1/jit/4186268161001/8ac714ee-ef64-476e-aa86-77c3b7988b83/main/300x300/48s576ms/match/image.jpg,https://www.houzz.com/products/brenner-sofa-light-gray-prvw-vr~130407716
"Stetson Skirted Sofa, Granite Gray Performance Fabric","['Accent Pillows', 'dark espresso finish', 'flared arms', 'granite gray', 'Hardwood Frame', 'kidney pillow', 'loose back cushions', 'polyester', 'single seat cushion', 'skirted', 'sofa', 'solid wood legs', 'stain resistant', 'upholstered']",https://st.hzcdn.com/fimgs/51f11fe90ced4aef_1785-w65-h65-b1-p0--.jpg,https://st.hzcdn.com/fimgs/ad61be550ced4af4_8028-w65-h65-b0-p0--.jpg,https://www.houzz.com/products/stetson-skirted-sofa-granite-gray-performance-fabric-prvw-vr~143444032
"Suzanne Leather Craft Sofa, Ivory White","['ivory white sofa', 'Leather Craft', 'leather sofa', 'momery form sofa', 'sofa', 'top grain leather sofa']",https://st.hzcdn.com/fimgs/7a31733907c4c8ba_6075-w65-h65-b1-p0--.jpg,https://st.hzcdn.com/fimgs/2ef14dd807c4c8bb_4235-w65-h65-b1-p0--.jpg,https://www.houzz.com/products/suzanne-leather-craft-sofa-ivory-white-prvw-vr~64458927
"Valour Performance Velvet Sofa, Cognac","['affordable', 'decor', 'dining set', 'free shipping', 'furniture', 'Home', 'home and decor', 'home furniture', 'Kitchen set', 'living room', 'living room set', 'modern furniture', 'sofas armchairs']",https://st.hzcdn.com/fimgs/d3513d060e331150_0564-w65-h65-b1-p0--.jpg,https://st.hzcdn.com/fimgs/b34198880e33114d_3560-w65-h65-b0-p0--.jpg,https://www.houzz.com/products/valour-performance-velvet-sofa-cognac-prvw-vr~154306687
Townsend Sofa,[],https://st.hzcdn.com/fimgs/5e8103e40ce7eedf_6301-w65-h65-b1-p0--.jpg,https://st.hzcdn.com/fimgs/81c12b630ce7eee0_6301-w65-h65-b0-p0--.jpg,https://www.houzz.com/products/townsend-sofa-prvw-vr~143334739
"Modern Wooden Platform Bed, Maple, Queen","['bed', 'beds', 'contemporary platform', 'full size platform', 'king size platform', 'modern platform', 'platform bed', 'queen size platform', 'twin size bed', 'twin size wooden bed', 'twin xl bed', 'twin xl beds', 'twinxl', 'wood platform bed', 'wooden platform']",https://st.hzcdn.com/fimgs/80019ff00e987470_0717-w65-h65-b0-p0--.jpg,https://st.hzcdn.com/fimgs/a06108070e98746d_0717-w65-h65-b0-p0--.jpg,https://www.houzz.com/products/modern-wooden-platform-bed-maple-queen-prvw-vr~91139543
Zara Channel Tufted Velvet Bed With Custom Gold Legs,"['contemporary', 'deep detailed channel tufting', 'elegant', 'furniture', 'gold legs with ball design', 'modern', 'rich cream velvet', 'twin bed', 'upholstered', 'velvet']",https://st.hzcdn.com/fimgs/a0d194d70e857c44_5672-w65-h65-b1-p0--.jpg,https://st.hzcdn.com/fimgs/a5e1bd4a0e857c4a_5719-w65-h65-b0-p0--.jpg,https://www.houzz.com/products/zara-channel-tufted-velvet-bed-with-custom-gold-legs-prvw-vr~156823530
"Traditional Velvet Upholstered Chesterfield Sofa With Accent Pillows, Black","['couch', 'couches and sofas', 'furniture', 'home decor', 'home decorations for living room', 'living room decor', 'living room furniture', 'mid century furniture', 'Mid Century Modern Furniture', 'midcentury modern', 'sectionals', 'sofa', 'velvet sofa', 'velvet sofa beige', 'velvet sofa cover', 'velvet sofa for sale', 'velvet sofa purple', 'velvet sofas and couches']",https://st.hzcdn.com/fimgs/17612aec0e3b2327_9077-w65-h65-b1-p0--.jpg,https://st.hzcdn.com/fimgs/e2815e8d0e3b2328_7441-w65-h65-b1-p0--.jpg,https://www.houzz.com/products/traditional-velvet-upholstered-chesterfield-sofa-with-accent-pillows-black-prvw-vr~118239920
"Lily Velvet Bed, Navy, King","['comfortable', 'contemporary', 'deep channel tufting', 'gold steel legs', 'king bed', 'lily', 'lily navy velvet king bed', 'luxurious', 'meridian furniture', 'modern', 'navy', 'nice', 'rich navy velvet', 'sturdy', 'velvet']",https://st.hzcdn.com/fimgs/7a81db880dd80129_8760-w65-h65-b1-p0--.jpg,https://st.hzcdn.com/fimgs/bfa100dc0dd8012d_8760-w65-h65-b0-p0--.jpg,https://www.houzz.com/products/lily-velvet-bed-navy-king-prvw-vr~151850805
"Contemporary Upholstered Bed, Brown, Full, Material: Faux Leather","['bed', 'Bedroom', 'brown']",https://st.hzcdn.com/fimgs/73f1ddfa09f7662a_9249-w65-h65-b1-p0--.jpg,https://st.hzcdn.com/fimgs/2621ec4209f76627_6791-w65-h65-b0-p0--.jpg,https://www.houzz.com/products/contemporary-upholstered-bed-brown-full-material-faux-leather-prvw-vr~105573848
La Grange Fayette King Upholstered Bed,[],https://st.hzcdn.com/fimgs/5ca1c8820e854d98_5245-w65-h65-b1-p0--.jpg,https://st.hzcdn.com/fimgs/5cf1e3b20e854da0_6952-w65-h65-b0-p0--.jpg,https://www.houzz.com/products/la-grange-fayette-king-upholstered-bed-prvw-vr~156817124
"Valentina Upholstered Linen Blend Wingback Platform Bed, Gray, California King","['fabric bed', 'high profile bed', 'Linen Blend Bed', 'platform bed', 'upholstered bed', 'wingback beds']",https://st.hzcdn.com/fimgs/b601803c0d0d2f5c_8511-w65-h65-b1-p0--.jpg,https://st.hzcdn.com/fimgs/65119cd00d0d2f5d_6119-w65-h65-b1-p0--.jpg,https://www.houzz.com/products/valentina-upholstered-linen-blend-wingback-platform-bed-gray-california-king-prvw-vr~114352479
"Picket House Furnishings Emery Upholstered Platform Bed, Teal, Full","['accent', 'bed', 'Bedroom', 'contemporary', 'eucalyptus', 'fabric', 'midcentury', 'modern', 'nailhead', 'platform', 'upholstered', 'wood']",https://st.hzcdn.com/fimgs/4db19bc6094aa19a_3412-w65-h65-b1-p0--.jpg,https://st.hzcdn.com/fimgs/1f61a846094aa19d_3412-w65-h65-b1-p0--.jpg,https://www.houzz.com/products/picket-house-furnishings-emery-upholstered-platform-bed-teal-full-prvw-vr~95582727
"Cruz Velvet Bed, Gray, Queen","['black', 'comfortable', 'contemporary', 'contemporary design', 'Cruz', 'cruz black velvet full bed', 'full bed', 'gold and chrome legs included with each bed', 'luxurious', 'luxurious black velvet', 'meridian furniture', 'modern', 'nice', 'sturdy', 'velvet']",https://st.hzcdn.com/fimgs/eb5167d10dd800fc_5552-w65-h65-b0-p0--.jpg,https://st.hzcdn.com/fimgs/e02138300ddd9701_5552-w65-h65-b1-p0--.jpg,https://www.houzz.com/products/cruz-velvet-bed-gray-queen-prvw-vr~151850673
Engage Top-Grain Leather Living Room Lounge Sofa Tan,"['affordable', 'affordable furniture', 'chair', 'decor', 'decor ideas', 'Dining', 'free shipping', 'furniture', 'high quality', 'Home', 'home decor', 'home d�cor', 'home improvement', 'Home Interior', 'indoor', 'modern furniture', 'Outdoor', 'sofa', 'sofasarmchairs', 'swell']",https://st.hzcdn.com/fimgs/e971858e0ee0e567_2160-w65-h65-b1-p0--.jpg,https://st.hzcdn.com/fimgs/bb21c9d70ee0e569_2160-w65-h65-b1-p0--.jpg,https://www.houzz.com/products/engage-top-grain-leather-living-room-lounge-sofa-tan-prvw-vr~150465352
"Hope Contemporary Sofa, Genuine Dove Gray Leather With Black Metal Legs","['contemporary', 'couch', 'couches', 'dove', 'furniture', 'genuine leather', 'gray', 'legs', 'living room furniture', 'metal', 'modern', 'settee', 'sofa', 'sofas']",https://st.hzcdn.com/fimgs/cd71a8890a58ce7d_3337-w65-h65-b1-p0--.jpg,https://st.hzcdn.com/fimgs/f371a1180a58ce7e_9471-w65-h65-b1-p0--.jpg,https://www.houzz.com/products/hope-contemporary-sofa-genuine-dove-gray-leather-with-black-metal-legs-prvw-vr~110253205
"McArthur Upholstered Bed Set, Bronze Finish, Bed Frame Not Included, Queen",[],https://st.hzcdn.com/fimgs/a9f158d109274609_4304-w65-h65-b1-p0--.jpg,https://st.hzcdn.com/fimgs/33116bfb09272892_4304-w65-h65-b1-p0--.jpg,https://www.houzz.com/products/mcarthur-upholstered-bed-set-bronze-finish-bed-frame-not-included-queen-prvw-vr~93937986
"Melanie Full Tufted Button Upholstered Velvet Platform Bed, Sea Blue","['accent table', 'bar stool', 'bed', 'chandelier', 'coffeetable', 'counter stool', 'dining chair', 'dining set', 'dining table', 'faux leather chair', 'foam bed', 'full beds', 'headboard', 'home accent', 'home decor', 'lounge chair', 'mdf bed', 'mod-5819-sea', 'modway', 'office chair', 'patio chair', 'patio dining set', 'pendant light', 'sea blue bed', 'side chair', 'sofa set', 'tv stand', 'wall sconce', 'wood bed', 'wood dining table']",https://st.hzcdn.com/fimgs/0da1ea4d0ce6cf40_0743-w65-h65-b1-p0--.jpg,https://st.hzcdn.com/fimgs/c7c1d6700ce6cf3d_4830-w65-h65-b1-p0--.jpg,https://www.houzz.com/products/melanie-full-tufted-button-upholstered-velvet-platform-bed-sea-blue-prvw-vr~143308334
"Anya Queen Upholstered Fabric Bed, Gray","['affordable', 'assembly required', 'chair', 'Dining', 'free shipping', 'furniture', 'Home', 'home d�cor', 'Home Interior', 'indoor', 'modern furniture', 'non-marking foot caps', 'Outdoor', 'padded sturdy plywood base', 'platform bed frame with headboard', 'slatted poplar wood support system', 'sofa', 'upholstered in polyester fabric', 'weight capacity up to 1300 lbs']",https://st.hzcdn.com/fimgs/7b3191e00c3682ab_7432-w65-h65-b1-p0--.jpg,https://st.hzcdn.com/fimgs/9a91ae8a0c3682a8_7432-w65-h65-b0-p0--.jpg,https://www.houzz.com/products/anya-queen-upholstered-fabric-bed-gray-prvw-vr~99129529
"Potrero Panel Bed, Queen","['antique white queen bed', 'bedroom furniture', 'Queen Panel Bed', 'Wood Queen Bed']",https://st.hzcdn.com/fimgs/7fa1b9e70d5566d3_0476-w65-h65-b1-p0--.jpg,https://st.hzcdn.com/fimgs/ed7175820d5566d4_0476-w65-h65-b1-p0--.jpg,https://www.houzz.com/products/potrero-panel-bed-queen-prvw-vr~141613752
Avoca Reclaimed Pine Eastern King Bed by Kosas Home,"['mid century bedroom', 'modern bed', 'modern bedroom', 'slat bed', 'transitional bedroom', 'wood bed']",https://st.hzcdn.com/fimgs/cc0197250c6595eb_6504-w65-h65-b1-p0--.jpg,https://st.hzcdn.com/fimgs/d4e18beb0c6595ef_6504-w65-h65-b1-p0--.jpg,https://www.houzz.com/products/avoca-reclaimed-pine-eastern-king-bed-by-kosas-home-prvw-vr~138055848
"Arabelle Bed - Gray, Queen","['500-1000', 'bed', 'bedroom furniture', 'gs', 'o55', 'over 550', 'over-400', 'over-500', 'tov furniture', 'tov-furniture', 'upholstered', 'velvet', 'velvet-wood']",https://st.hzcdn.com/fimgs/0fb1e757099e182d_1581-w65-h65-b1-p0--.jpg,https://st.hzcdn.com/fimgs/04315590099e1830_1581-w65-h65-b1-p0--.jpg,https://www.houzz.com/products/arabelle-bed-gray-queen-prvw-vr~100337423
"Hannah Mid-Century Modern Linen Platform Bed, Dark Gray, Queen","['accent table', 'barstool', 'bedroom sets', 'beds (platform)', 'bistro', 'bookshelf', 'bunk bed', 'cabinet', 'coffee table', 'console table', 'contemporary bed/traditional bed/designer bed/affordable bed', 'day bed', 'desk', 'dining chair', 'dining set', 'dining table', 'end table', 'full size bed', 'headboard', 'king bed', 'lounge chair', 'loveseat', 'mirror', 'nightstand', 'ottoman', 'platform bed', 'queen bed', 'recliner', 'sofa', 'tv stand']",https://st.hzcdn.com/fimgs/31717cc60b43c248_5097-w65-h65-b1-p0--.jpg,https://st.hzcdn.com/fimgs/6cf147a50b43c249_5097-w65-h65-b1-p0--.jpg,https://www.houzz.com/products/hannah-mid-century-modern-linen-platform-bed-dark-gray-queen-prvw-vr~61190916
Seneca Queen Bed,[],https://st.hzcdn.com/fimgs/e651a07c0e56ef89_7049-w65-h65-b1-p0--.jpg,https://st.hzcdn.com/fimgs/4041b6d90e4599fd_6178-w65-h65-b0-p0--.jpg,https://www.houzz.com/products/seneca-queen-bed-prvw-vr~154919632
"Traditional Cedar Bed Frame, King","['cedar', 'cedar furniture', 'hand crafted', 'indoor-outdoor living', 'natural finishes', 'nature wood', 'rec room', 'rustic wood']",https://st.hzcdn.com/fimgs/788153c10730a5b4_7669-w65-h65-b1-p0--.jpg,https://st.hzcdn.com/fimgs/61b1c82f0730a333_7682-w65-h65-b0-p0--.jpg,https://www.houzz.com/products/traditional-cedar-bed-frame-king-prvw-vr~54311245
"Nailhead Trim Upholstered Bed, Cambridge Blue Stripe, King","['blue', 'fashion beds', 'nail head', 'queen', 'uph beds', 'upholstered']",https://st.hzcdn.com/fimgs/35f1ca730c33ac99_0123-w65-h65-b1-p0--.jpg,https://st.hzcdn.com/fimgs/1231f0ef0c33ac9b_0123-w65-h65-b1-p0--.jpg,https://www.houzz.com/products/nailhead-trim-upholstered-bed-cambridge-blue-stripe-king-prvw-vr~135708328
"Taylor Nail Button High Arch Notched Bed, Velvet Light Gray, King","['arched bed', 'bed', 'California king', 'full', 'king', 'queen', 'twin', 'upholstered bed']",https://st.hzcdn.com/fimgs/7bc1b0f708a3a0c4_8666-w65-h65-b1-p0--.jpg,https://cf-images.us-east-1.prod.boltdns.net/v1/jit/4186268161001/4f09972e-a192-42e7-8ac7-9eaeb94cee14/main/300x300/34s826ms/match/image.jpg,https://www.houzz.com/products/taylor-nail-button-high-arch-notched-bed-velvet-light-gray-king-prvw-vr~85333209
"Anya Queen Upholstered Fabric Bed, Teal","['affordable', 'assembly required', 'chair', 'Dining', 'free shipping', 'furniture', 'Home', 'home d�cor', 'Home Interior', 'indoor', 'modern furniture', 'non-marking foot caps', 'Outdoor', 'padded sturdy plywood base', 'platform bed frame with headboard', 'slatted poplar wood support system', 'sofa', 'upholstered in polyester fabric', 'weight capacity up to 1300 lbs']",https://st.hzcdn.com/fimgs/14213fe60c3682be_7645-w65-h65-b1-p0--.jpg,https://st.hzcdn.com/fimgs/a0210e370c3682bc_7645-w65-h65-b0-p0--.jpg,https://www.houzz.com/products/anya-queen-upholstered-fabric-bed-teal-prvw-vr~110214912
"Carly Velvet Upholstered Bed, Black, Queen",[],https://st.hzcdn.com/fimgs/e4b1ae480e90b94a_5085-w65-h65-b1-p0--.jpg,https://st.hzcdn.com/fimgs/47b179650e90b94b_9111-w65-h65-b0-p0--.jpg,https://www.houzz.com/products/carly-velvet-upholstered-bed-black-queen-prvw-vr~157167518
"Flora Tall Keyhole Panel Headboard Bed, Bright White Woven, King","['adjustable', 'bed', 'Bedroom', 'beige', 'country', 'custom', 'design', 'farmhouse', 'footboard', 'French', 'furniture', 'gray', 'headboard', 'interior', 'midcentury', 'modern', 'nailhead', 'neutral', 'panel', 'platform', 'rustic', 'tall', 'taupe', 'transitional', 'tufted', 'unique', 'velvet', 'wingback']",https://st.hzcdn.com/fimgs/cc71fad40e41ec9e_6987-w65-h65-b1-p0--.jpg,https://st.hzcdn.com/fimgs/a171f9220e41ec9f_6071-w65-h65-b1-p0--.jpg,https://www.houzz.com/products/flora-tall-keyhole-panel-headboard-bed-bright-white-woven-king-prvw-vr~154319349
"Hillsdale Furniture Madison Bed Set, King w/ Rails, Textured Black",['beds'],https://st.hzcdn.com/fimgs/20b19a4e07067eea_3075-w65-h65-b1-p0--.jpg,https://st.hzcdn.com/fimgs/9401b38206b8dbb6_3075-w65-h65-b1-p0--.jpg,https://www.houzz.com/products/hillsdale-furniture-madison-bed-set-king-w-rails-textured-black-prvw-vr~89928022
"Tufted Nailhead Trimmed Bed, Warm Gray, King","['fashion beds', 'grey', 'nail head', 'queen', 'traditional', 'tufted', 'uph beds', 'upholstered']",https://st.hzcdn.com/fimgs/881128400c33ad29_4341-w65-h65-b1-p0--.jpg,https://st.hzcdn.com/fimgs/71911e690c33ad2c_4341-w65-h65-b0-p0--.jpg,https://www.houzz.com/products/tufted-nailhead-trimmed-bed-warm-gray-king-prvw-vr~135708442
"Dolce Velvet Bed, Green, Queen","['comfortable', 'contemporary', 'contemporary design', 'dolce', 'dolce green velvet queen bed', 'gold metal trim and legs', 'green', 'luxurious', 'luxurious green velvet', 'meridian furniture', 'modern', 'nice', 'queen bed', 'sturdy', 'velvet']",https://st.hzcdn.com/fimgs/d881a76f0dd80254_8760-w65-h65-b1-p0--.jpg,https://st.hzcdn.com/fimgs/5e312a9c0dd8025e_8760-w65-h65-b0-p0--.jpg,https://www.houzz.com/products/dolce-velvet-bed-green-queen-prvw-vr~151850761
"Safavieh Florentino Tufted Sofa, Dusty Rose",['2018'],https://st.hzcdn.com/fimgs/8e7163b70a3c1d4a_5353-w65-h65-b1-p0--.jpg,https://st.hzcdn.com/fimgs/de717c590a3c1d4c_5353-w65-h65-b1-p0--.jpg,https://www.houzz.com/products/safavieh-florentino-tufted-sofa-dusty-rose-prvw-vr~109138099
"Biscuit Tufted Platform King Storage Bed, Fog Gray, Gray, King","['contemporary', 'fashion beds', 'gray', 'king', 'uph beds', 'upholstered']",https://st.hzcdn.com/fimgs/d3211d8b0f0cfb26_3535-w65-h65-b1-p0--.jpg,https://st.hzcdn.com/fimgs/4cc12aea0f0cfb27_4303-w65-h65-b1-p0--.jpg,https://www.houzz.com/products/biscuit-tufted-platform-king-storage-bed-fog-gray-gray-king-prvw-vr~161921956
"Modrest Loft Modern Gray Eco-Leather Platform Bed, Queen",['bed'],https://st.hzcdn.com/fimgs/08c1c80c097618d0_1128-w65-h65-b1-p0--.jpg,https://st.hzcdn.com/fimgs/62a16aa1096e4514_1128-w65-h65-b0-p0--.jpg,https://www.houzz.com/products/modrest-loft-modern-gray-eco-leather-platform-bed-queen-prvw-vr~71110577
Wall-Mounted Drop-Leaf Table Folding Kitchen Dining Table Desk,"['breakfast table', 'dining furniture', 'dining room table and c', 'dining room tables', 'dining table', 'Dining Table and Chairs', 'dining table chairs', 'dining table with benc', 'farmhouse dining table', 'farmhouse table', 'Kitchen Dining Table Desk', 'kitchen table', 'narrow dining table', 'small dining table', 'small kitchen table', 'wood dining table']",https://st.hzcdn.com/fimgs/1b21d2ba0bff6080_5009-w65-h65-b1-p0--.jpg,https://st.hzcdn.com/fimgs/0381fe070bff6071_5009-w65-h65-b1-p0--.jpg,https://www.houzz.com/products/wall-mounted-drop-leaf-table-folding-kitchen-dining-table-desk-prvw-vr~133616676
Inverness Upholstered Bed 6/6 King,[],https://st.hzcdn.com/fimgs/fc0136860e1ca87d_1724-w65-h65-b1-p0--.jpg,https://cf-images.us-east-1.prod.boltdns.net/v1/jit/4186268161001/5ad27a6c-008b-487a-ba19-3c3ac4d938de/main/300x300/1m11s71ms/match/image.jpg,https://www.houzz.com/products/inverness-upholstered-bed-6-6-king-prvw-vr~153610790
"Palma 72"" Round Dining Table, Ebony Oak","['black dining table', 'contemporary dining table', 'dining table', 'dining table for 8', 'mandalay furniture', 'model home', 'Palma dining table', 'round dining table', 'table']",https://st.hzcdn.com/fimgs/13c11b140a3c4740_0845-w65-h65-b1-p0--.jpg,https://st.hzcdn.com/fimgs/4a6158090a3c4742_0845-w65-h65-b0-p0--.jpg,https://www.houzz.com/products/palma-72-round-dining-table-ebony-oak-prvw-vr~109153166
"Holly & Martin Driness Drop Leaf Table, Dark Tobacco and Black","['accent table', 'black', 'buffet table', 'console table', 'convertible table', 'dark tobacco', 'dining room table', 'drop leaf', 'drop-leaf', 'entryway table', 'expandable table', 'rustic tobacco']",https://st.hzcdn.com/fimgs/b4a1903307a90e27_6456-w65-h65-b1-p0--.jpg,https://st.hzcdn.com/fimgs/d101969607a90e16_6456-w65-h65-b0-p0--.jpg,https://www.houzz.com/products/holly-and-martin-driness-drop-leaf-table-dark-tobacco-and-black-prvw-vr~63881896
42'' Square Black Laminate Table Top with 33'' x 33'' Table Height Base,[],https://st.hzcdn.com/fimgs/ed5163670e580cca_4073-w65-h65-b1-p0--.jpg,https://st.hzcdn.com/fimgs/f1e1be650e580ccc_4073-w65-h65-b1-p0--.jpg,https://www.houzz.com/products/42-square-black-laminate-table-top-with-33-x-33-table-height-base-prvw-vr~156409374
"Restaurant Tables and Chairs, ""Remotion"" 31.5'' Square Bistro Outdoor Table","['bistro outdoor table', 'restaurant tables', 'Restaurant Tables and Chairs']",https://st.hzcdn.com/fimgs/3a41b6100951339c_9367-w65-h65-b1-p0--.jpg,https://st.hzcdn.com/fimgs/72d1c23108f77381_8048-w65-h65-b0-p0--.jpg,https://www.houzz.com/products/restaurant-tables-and-chairs-remotion-31-5-square-bistro-outdoor-table-prvw-vr~90754903
Modrest Jett Modern Walnut End Table,"['accent table', 'eco-friendly end table', 'end table', 'mid century modern end table', 'rubberwood end table', 'scandinavian end table', 'side table', 'walnut end table']",https://st.hzcdn.com/fimgs/a07163d10a0c3700_4686-w65-h65-b1-p0--.jpg,https://st.hzcdn.com/fimgs/c2c184d40924cb7e_4686-w65-h65-b0-p0--.jpg,https://www.houzz.com/products/modrest-jett-modern-walnut-end-table-prvw-vr~93792163
"Monarch 35  x60   Dining Table, Glossy White Finish","['dining set', 'glossy white dining set', 'home accent', 'home decor', 'i 1090', 'monarch', 'particle board dining set']",https://st.hzcdn.com/fimgs/56e1ad6709d673d1_5790-w65-h65-b1-p0--.jpg,https://st.hzcdn.com/fimgs/6b61b11409d673d2_5790-w65-h65-b0-p0--.jpg,https://www.houzz.com/products/monarch-35-x60-dining-table-glossy-white-finish-prvw-vr~25507346
"Beverly 54"" Square Dining Table by Kosas Home","['dining room furniture', 'dining room table', 'dining table', 'off-white', 'off-white dining room table', 'off-white dining table', 'traditional', 'traditional dining table', 'wood', 'wooden dining table']",https://st.hzcdn.com/fimgs/fc119dc909a45203_3370-w65-h65-b1-p0--.jpg,https://st.hzcdn.com/fimgs/1ba193e409a45201_3370-w65-h65-b1-p0--.jpg,https://www.houzz.com/products/beverly-54-square-dining-table-by-kosas-home-prvw-vr~100598569
Dual Tone Rustic Farmhouse Round Table Top Pedestal Base Dining Table for 4,"['dining table', 'dining table  round', 'dual tone table', 'NATURAL LOOKING', 'ROUND RUSTIC DINING TABLE', 'solid wood round table', 'table pedestal base']",https://st.hzcdn.com/fimgs/82910ae40fdb6fca_5010-w65-h65-b1-p0--.jpg,https://st.hzcdn.com/fimgs/92e16d250fdb6fcb_8618-w65-h65-b1-p0--.jpg,https://www.houzz.com/products/dual-tone-rustic-farmhouse-round-table-top-pedestal-base-dining-table-for-4-prvw-vr~167632174
"Hudson 72"" Square Dining Table, Textured Coffee","['brown dining table', 'brown table', 'dining table', 'dining table for 8', 'hudson dining table', 'Mandalay', 'mandalay furniture', 'mandalay home furniture', 'sits up to 8']",https://st.hzcdn.com/fimgs/c031f65a0a8da8e3_6918-w65-h65-b1-p0--.jpg,https://st.hzcdn.com/fimgs/5d512bbd0a42bea5_6918-w65-h65-b0-p0--.jpg,https://www.houzz.com/products/hudson-72-square-dining-table-textured-coffee-prvw-vr~109280441
"Bennet 48""x48"" Table, 1 Leaf, Rustic Cherry Wood, Extendable Dining Table","['1 leaf table', '48x48 dining room table', '48x48 dining table', '66x48 table', 'dining room table', 'dining table', 'dining tables', 'dinner table', 'extendable dining room table', 'extendable dining table', 'metal base dining room table', 'metal trestle table base', 'rustic wood dining table', 'solid wood dining table', 'square', 'tables', 'wood dining tables']",https://st.hzcdn.com/fimgs/9da129210b3c230e_5653-w65-h65-b1-p0--.jpg,https://st.hzcdn.com/fimgs/2fe140bb0b3c2328_7818-w65-h65-b1-p0--.jpg,https://www.houzz.com/products/bennet-48x48-table-1-leaf-rustic-cherry-wood-extendable-dining-table-prvw-vr~122627626
"Lauren Dining Table, Walnut","['Artisan furniture', 'Chic', 'classic modern', 'contemporary furniture', 'extension dining table', 'furniture', 'modern', 'modern furniture', 'rectangle dining table', 'sculptural', 'seats up to 12', 'stylish', 'unique', 'unique designs', 'walnut', 'wenge', 'wood', 'wood dining table', 'wood veneer']",https://st.hzcdn.com/fimgs/74d134ac0877fa28_2772-w65-h65-b1-p0--.jpg,https://st.hzcdn.com/fimgs/35111f520877fa28_2772-w65-h65-b1-p0--.jpg,https://www.houzz.com/products/lauren-dining-table-walnut-prvw-vr~79078331
Modrest Mear Modern Concrete Dining Table,"['concrete dining table', 'concrete table', 'Dining', 'dining table', 'table']",https://st.hzcdn.com/fimgs/23b1e7370a1c650c_5710-w65-h65-b1-p0--.jpg,https://st.hzcdn.com/fimgs/b641e6dd0a1c650a_5710-w65-h65-b1-p0--.jpg,https://www.houzz.com/products/modrest-mear-modern-concrete-dining-table-prvw-vr~63988247
Haussmann� Wood Twist End Table 15 x 15 x 20 inch High Walnut Oil,"['display stand', 'eco friendly finish', 'end table', 'functional art', 'side table', 'sustainable wood', 'twist end table', 'twist stool twisty', 'wood end table', 'wood end-table', 'wood side table', 'wood side-table']",https://st.hzcdn.com/fimgs/bbf1a4980e7805f7_9809-w65-h65-b1-p0--.jpg,https://st.hzcdn.com/fimgs/255133d50e7805f9_9809-w65-h65-b1-p0--.jpg,https://www.houzz.com/products/haussmann%EF%BF%BD-wood-twist-end-table-15-x-15-x-20-inch-high-walnut-oil-prvw-vr~12926460
"24''x42'' Rectangular Black Laminate Table Top,23.5''x29.5'' Table Height Base",['flash furniture xu-blktb-2442-t2230-gg rectangular black tab'],https://st.hzcdn.com/fimgs/bef1144c0e580c9c_8310-w65-h65-b1-p0--.jpg,https://st.hzcdn.com/fimgs/dc9136b20e580c9e_8310-w65-h65-b1-p0--.jpg,https://www.houzz.com/products/24-x42-rectangular-black-laminate-table-top-23-5-x29-5-table-height-base-prvw-vr~131248247
"American Hand Crafted Rustic Dining Table, ""Guilford"" Rustic Round Table","['ROUND RUSTIC DINING TABLE', 'rustic dining table', 'rustic round dining table']",https://st.hzcdn.com/fimgs/ce719e3c091b0edd_2380-w65-h65-b1-p0--.jpg,https://st.hzcdn.com/fimgs/4311c95008dd23c5_2380-w65-h65-b0-p0--.jpg,https://www.houzz.com/products/american-hand-crafted-rustic-dining-table-guilford-rustic-round-table-prvw-vr~89297061
Expandable White Dining Table,"['contemporary dining table', 'dining room table', 'dining table', 'expandable dining table', 'expandable white dining table', 'extending table', 'modern', 'modern dining table', 'white dining table']",https://st.hzcdn.com/fimgs/20e1fda605916cb7_2500-w65-h65-b1-p0--.jpg,https://st.hzcdn.com/fimgs/4541947a058d8c85_2500-w65-h65-b1-p0--.jpg,https://www.houzz.com/products/expandable-white-dining-table-prvw-vr~32782950
"Faux White Marble Tulip Dining Table, Oval, Glam Gold Table, 54""","['78"" oval dining table', 'glam dining table', 'glamorous regency table', 'gold dining table', 'kitchen table', 'luxe dining table', 'Mid Century Dining Table', 'modern dining table', 'oval dining table', 'Oval Marble Dining Table', 'Saarinen dining table', 'Saarinen oval dining table', 'tulip dining table', 'white dining table', 'white marble dining table']",https://st.hzcdn.com/fimgs/0151e49c0dc9b472_0909-w65-h65-b1-p0--.jpg,https://st.hzcdn.com/fimgs/5c9164b10dc9b46f_5327-w65-h65-b0-p0--.jpg,https://www.houzz.com/products/faux-white-marble-tulip-dining-table-oval-glam-gold-table-54-prvw-vr~151313100
"Faux White Marble Tulip Dining Table, Oval, Glam Gold Table, 60""","['78"" oval dining table', 'glam dining table', 'glamorous regency table', 'gold dining table', 'kitchen table', 'luxe dining table', 'Mid Century Dining Table', 'modern dining table', 'oval dining table', 'Oval Marble Dining Table', 'Saarinen dining table', 'Saarinen oval dining table', 'tulip dining table', 'white dining table', 'white marble dining table']",https://st.hzcdn.com/fimgs/a0d1b4320dc9b4ff_0909-w65-h65-b1-p0--.jpg,https://st.hzcdn.com/fimgs/2ae197110dc9b4fb_5335-w65-h65-b0-p0--.jpg,https://www.houzz.com/products/faux-white-marble-tulip-dining-table-oval-glam-gold-table-60-prvw-vr~151313101
"Cornwall Extension Dining Table 55""/71""","['55 inch dining table', '55"" dining table', '71 inch dining table', 'cornwall collection', 'Cornwall Extension Dining Table', 'cornwall extension dining table 55""/71""', 'cornwall extension table', 'dining table', 'extension dining table', 'farmhouse dining table', 'four hands', 'modern farmhouse', 'traditional dining table']",https://st.hzcdn.com/fimgs/fa8107eb0b1ee6b3_2023-w65-h65-b1-p0--.jpg,https://st.hzcdn.com/fimgs/df412f9b0b1ee6b4_2023-w65-h65-b1-p0--.jpg,https://www.houzz.com/products/cornwall-extension-dining-table-55-71-prvw-vr~41837585
"Beatriz 60"" Pine Dining Table by Kosas Home","['brown table', 'brown wood table', 'circle table', 'circular table', 'dining table', 'kitchen table', 'round table']",https://st.hzcdn.com/fimgs/3391c14709fb256a_5648-w65-h65-b1-p0--.jpg,https://st.hzcdn.com/fimgs/70f1929a09fb256d_5648-w65-h65-b0-p0--.jpg,https://www.houzz.com/products/beatriz-60-pine-dining-table-by-kosas-home-prvw-vr~93135398
"Modern Stylish White Faux Marble Dining Table Rectangular Table in Brushed Gold,",[],https://st.hzcdn.com/fimgs/dec1e4d00ecba6b4_7341-w65-h65-b1-p0--.jpg,https://st.hzcdn.com/fimgs/38611afb0ecba6b9_4110-w65-h65-b0-p0--.jpg,https://www.houzz.com/products/modern-stylish-white-faux-marble-dining-table-rectangular-table-in-brushed-gold-prvw-vr~159862459
"Claridge Sofa, Belfast Stone","['ball feet sofa', 'blue sofa', 'contemporary sofa', 'glamour', 'Jonathan Adler', 'jonathan adler sofa', 'leather sofa', 'modern', 'modern sofa', 'navy sofa', 'sofa', 'white sofa']",https://st.hzcdn.com/fimgs/d4e154f30d781481_0938-w65-h65-b1-p0--.jpg,https://st.hzcdn.com/fimgs/a77195a00d781483_0938-w65-h65-b1-p0--.jpg,https://www.houzz.com/products/claridge-sofa-belfast-stone-prvw-vr~148592064
"Baxton Studio Acrylic Nesting Table 3 Piece Table, Set Display Stands","['accent table', 'end tables', 'side tables', 'small end tables']",https://st.hzcdn.com/fimgs/f151fc150a8f11b4_6792-w65-h65-b1-p0--.jpg,https://st.hzcdn.com/fimgs/fea162980a2ed55c_6792-w65-h65-b0-p0--.jpg,https://www.houzz.com/products/baxton-studio-acrylic-nesting-table-3-piece-table-set-display-stands-prvw-vr~160910944
"Lauren Dining Table, Wenge","['Artisan furniture', 'Chic', 'classic modern', 'contemporary furniture', 'extension dining table', 'furniture', 'modern', 'modern furniture', 'rectangle dining table', 'sculptural', 'seats up to 12', 'stylish', 'unique', 'unique designs', 'walnut', 'wenge', 'wood', 'wood dining table', 'wood veneer']",https://st.hzcdn.com/fimgs/d54143dc0877fa25_2739-w65-h65-b1-p0--.jpg,https://st.hzcdn.com/fimgs/0761495a0877fa26_2739-w65-h65-b0-p0--.jpg,https://www.houzz.com/products/lauren-dining-table-wenge-prvw-vr~79078276
"Sanibel Carved Dining Table, Table Only","['brown', 'Dining', 'leaves', 'Mediterranean', 'Spanish style', 'table', 'traditional', 'wood']",https://st.hzcdn.com/fimgs/3541c9dc0b19a66e_6100-w65-h65-b1-p0--.jpg,https://st.hzcdn.com/fimgs/42e1f1f60b19a66f_7665-w65-h65-b0-p0--.jpg,https://www.houzz.com/products/sanibel-carved-dining-table-table-only-prvw-vr~62687800
"Faux White Marble Tulip Dining Table, Round Kitchen Table, Glam Gold Table, 60""","['circle', 'glam dining table', 'glamorous regency table', 'gold dining table', 'hollywood regency dining table', 'kitchen table', 'luxe dining table', 'Mid Century Dining Table', 'modern dining table', 'Round Marble Dining Table', 'Saarinen dining table', 'Saarinen Round Dining Table', 'tulip dining table', 'white dining table', 'white marble dining table']",https://st.hzcdn.com/fimgs/87d180980da9f6a4_2051-w65-h65-b1-p0--.jpg,https://st.hzcdn.com/fimgs/54a1b3730da9f6aa_2050-w65-h65-b1-p0--.jpg,https://www.houzz.com/products/faux-white-marble-tulip-dining-table-round-kitchen-table-glam-gold-table-60-prvw-vr~150256324
"Thompson 10' Linen Sofa, Blanc, Classic Depth","['4 seater sofa', 'bench seat', 'couch', 'custom made sofa', 'handcrafted sofa', 'linen sofa', 'living room furniture', 'Made in USA', 'rolled arm sofa', 'slope arm sofa', 'sofa', 'upholstered sofa', 'white sofa']",https://st.hzcdn.com/fimgs/83f1f8990fc6bfef_1093-w65-h65-b1-p0--.jpg,https://st.hzcdn.com/fimgs/a9318fcf0fc6bff0_1093-w65-h65-b1-p0--.jpg,https://www.houzz.com/products/thompson-10-linen-sofa-blanc-classic-depth-prvw-vr~127267303
"American Hand Crafted Rustic Dining Table, ""Annapolis"" Rustic Pine Dining Table","['rustic dining table', 'rustic pine dining table', 'rustic round dining table']",https://st.hzcdn.com/fimgs/e8417635091b0ee7_2284-w65-h65-b1-p0--.jpg,https://st.hzcdn.com/fimgs/e601a23808dd2a3c_2284-w65-h65-b0-p0--.jpg,https://www.houzz.com/products/american-hand-crafted-rustic-dining-table-annapolis-rustic-pine-dining-table-prvw-vr~89299112
"vidaXL Dining Table 45.7"" High Gloss White Dinner Table Home Kitchen Desk","['dining table', 'dining tables', 'dinner table', 'dinner tables', 'furniture', 'high gloss dining table', 'high gloss dining tables', 'high gloss table', 'high gloss tables', 'Kitchen & Dining Room Tables', 'MDF', 'new', 'tables', 'vidaxl', 'white']",https://st.hzcdn.com/fimgs/9601f09a0bdc2a95_5200-w65-h65-b1-p0--.jpg,https://st.hzcdn.com/fimgs/cfa1d34f0bdc2a97_5200-w65-h65-b0-p0--.jpg,https://www.houzz.com/products/vidaxl-dining-table-45-7-high-gloss-white-dinner-table-home-kitchen-desk-prvw-vr~131625818
